Workbook

Sheet Instrucciones
A1: Plantilla de carga masiva de traslados
A3: 1. Captura un traslado por fila en la hoja 'Traslados' (hasta 500 filas). La fila 2 (amarilla) es un ejemplo: bórrala o sobrescríbela.
A4: 2. Elige marca y modelo de las listas: gama, tipo, segmento y categoría de tarifa se llenan solos. No edites las columnas grises.
A5: 3. Escribe el código postal (5 dígitos) y elige la colonia de la lista; municipio y estado se llenan solos.
A6: 4. Si una ventana es 'específica', captura su horario en HH:MM-HH:MM (24 h). Para las demás ventanas el horario va vacío.
A7: 5. 'revision_fila' muestra OK o 'Revisar' como guía rápida; la validación completa se hace al subir el archivo.
A8: 6. Código postal, teléfonos, placas y VIN están en formato texto para no perder ceros ni el signo +. Fechas: aaaa-mm-dd hh:mm.
A10: Código de color de los encabezados
A11: Obligatorio
A12: Condicional (ver regla)
A13: Opcional
A14: Automático, no editar
A17: Columna | B17: Grupo | C17: Obligatorio | D17: Regla / formato
A18: referencia_externa | B18: Referencia | C18: Sí | D18: Único por cuenta. Evita duplicados al reenviar el archivo.
A19: centro_costo | B19: Referencia | C19: No | D19: Código de centro de costo del cliente.
A20: orden_compra | B20: Referencia | C20: No | D20: Orden de compra asociada.
A21: prioridad | B21: Referencia | C21: No | D21: Lista: baja, normal, alta, urgente. Vacío = normal.
A22: tipo_traslado | B22: Referencia | C22: Sí | D22: Lista: local, foráneo.
A23: vehiculo_placas | B23: Vehículo | C23: Condicional | D23: Placas o VIN: al menos uno es obligatorio.
A24: vehiculo_vin | B24: Vehículo | C24: Condicional | D24: 17 caracteres alfanuméricos.
A25: vehiculo_marca | B25: Vehículo | C25: Sí | D25: Lista desplegable del catálogo.
A26: vehiculo_modelo | B26: Vehículo | C26: Sí | D26: Lista desplegable que depende de la marca elegida.
A27: vehiculo_gama | B27: Vehículo | C27: Automática | D27: Entrada, media, alta o premium. Se calcula con marca + modelo.
A28: vehiculo_tipo | B28: Vehículo | C28: Automática | D28: Automóviles o camiones ligeros. Se calcula con marca + modelo.
... A63: revision_fila | B63: Control | C63: Automática | D63: OK si la fila tiene los datos mínimos; 'Revisar' si falta algo o hay un dato no encontrado.
A65: Supuestos a confirmar
A66: • Catálogo de vehículos: vehiculos-clasificacion.json del cliente; códigos postales: CPdescarga.xls (SEPOMEX, 31,867 CP y 158,350 colonias).
A67: • Prioridad (baja, normal, alta, urgente) y modalidad (programado, inmediato) son propuesta; no se recibieron valores del cliente.
A68: • tipo_traslado es obligatorio; transmisión, condición, estado general y ventanas son opcionales (vacío = flexible). Confirmar.
A69: • Las ventanas pasaron de fecha/hora a lista; para 'específica' se agregaron 2 columnas de horario. Se asume que el horario aplica al día de fecha_hora_programada.
A70: • Columnas agregadas respecto al CSV original (automáticas, el importador debe ignorarlas): gama, tipo, segmento, categoría de tarifa, municipio y estado de origen/destino, revision_fila.
A71: • Los valores de las listas se escriben en minúsculas con acentos (ej. 'específica', 'foráneo'); el importador debe normalizarlos.
A72: • Fechas en formato de Excel (no ISO con zona horaria); el importador debe asumir la zona de la cuenta.

Sheet Traslados
A1: referencia_externa | B1: centro_costo | C1: orden_compra | D1: prioridad | E1: tipo_traslado | F1: vehiculo_placas | G1: vehiculo_vin | H1: vehiculo_marca | I1: vehiculo_modelo | J1: vehiculo_gama | K1: vehiculo_tipo | L1: vehiculo_segmento | M1: vehiculo_categoria_tarifa | N1: vehiculo_anio | O1: vehiculo_color | P1: vehiculo_transmision | Q1: condicion | R1: estado_general_declarado | S1: contacto_entrega_nombre | T1: contacto_entrega_telefono | U1: contacto_recepcion_nombre | V1: contacto_recepcion_telefono | W1: origen_codigo_postal | X1: origen_colonia | Y1: origen_municipio | Z1: origen_estado | AA1: origen_calle | AB1: origen_numero | AC1: origen_referencias | AD1: destino_codigo_postal | AE1: destino_colonia | AF1: destino_municipio | AG1: destino_estado | AH1: destino_calle | AI1: destino_numero | AJ1: destino_referencias | AK1: modalidad_programacion | AL1: fecha_hora_programada | AM1: ventana_recoleccion | AN1: ventana_recoleccion_horario | AO1: ventana_entrega | AP1: ventana_entrega_horario | AQ1: instrucciones_especiales | AR1: sucursal_origen_id | AS1: sucursal_destino_id | AT1: revision_fila
A2: FLOT-001 | B2: CC-NORTE | C2: OC-45881 | D2: normal | E2: local | F2: ABC123 | H2: Nissan | I2: Versa | J2: =IF(OR(H2="",I2=""),"",IFERROR(INDEX(Catalogo_Vehiculos!$C$2:$C$1325,MATCH(TRUE(),INDEX(Catalogo_Vehiculos!$G$2:$G$1325=H2&"|"&I2,0),0)),"No en catálogo")) -> Media | K2: =IF(OR(H2="",I2=""),"",IFERROR(INDEX(Catalogo_Vehiculos!$D$2:$D$1325,MATCH(TRUE(),INDEX(Catalogo_Vehiculos!$G$2:$G$1325=H2&"|"&I2,0),0)),"No en catálogo")) -> Automóviles | L2: =IF(OR(H2="",I2=""),"",IFERROR(INDEX(Catalogo_Vehiculos!$E$2:$E$1325,MATCH(TRUE(),INDEX(Catalogo_Vehiculos!$G$2:$G$1325=H2&"|"&I2,0),0)),"No en catálogo")) -> Compactos | M2: =IF(OR(H2="",I2=""),"",IFERROR(INDEX(Catalogo_Vehiculos!$F$2:$F$1325,MATCH(TRUE(),INDEX(Catalogo_Vehiculos!$G$2:$G$1325=H2&"|"&I2,0),0)),"No en catálogo")) -> Ligero A | N2: 2024 | O2: Blanco | P2: automática | Q2: seminueva | R2: buen estado | S2: Operaciones | T2: +525500000000 | U2: Recepcion | V2: +525500000001 | W2: 06700 | X2: Roma Norte | Y2: Cuauhtémoc | Z2: Ciudad de México | AA2: Av. Reforma | AB2: 100 | AC2: Acceso por estacionamiento | AD2: 04360 | AE2: Copilco Universidad | AF2: Coyoacán | AG2: Ciudad de México | AH2: Av. Universidad | AI2: 300 | AJ2: Entregar en recepción | AK2: programado | AL2: 46313.5 | AM2: específica | AN2: 11:00-12:00 | AO2: tarde | AQ2: Unidad prioritaria | AT2: =IF(COUNTA(A2:I2)+COUNTA(N2:X2)+COUNTA(AA2:AE2)+COUNTA(AH2:AS2)=0,"",IF(AND(A2<>"",E2<>"",OR(F2<>"",G2<>""),H2<>"",I2<>"",J2<>"No en catálogo",S2<>"",T2<>"",U2<>"",V2<>"",OR(AR2<>"",AND(W2<>"",X2<>"",AA2<>"",AB2<>"")),OR(AS2<>"",AND(AD2<>"",AE2<>"",AH2<>"",AI2<>"")),AK2<>"",OR(AK2<>"programado",AL2<>""),OR(AM2<>"específica",AN2<>""),OR(AO2<>"específica",AP2<>"")),"OK","Revisar")) -> OK
J3: =IF(OR(H3="",I3=""),"",IFERROR(INDEX(Catalogo_Vehiculos!$C$2:$C$1325,MATCH(TRUE(),INDEX(Catalogo_Vehiculos!$G$2:$G$1325=H3&"|"&I3,0),0)),"No en catálogo")) | K3: =IF(OR(H3="",I3=""),"",IFERROR(INDEX(Catalogo_Vehiculos!$D$2:$D$1325,MATCH(TRUE(),INDEX(Catalogo_Vehiculos!$G$2:$G$1325=H3&"|"&I3,0),0)),"No en catálogo")) | L3: =IF(OR(H3="",I3=""),"",IFERROR(INDEX(Catalogo_Vehiculos!$E$2:$E$1325,MATCH(TRUE(),INDEX(Catalogo_Vehiculos!$G$2:$G$1325=H3&"|"&I3,0),0)),"No en catálogo")) | M3: =IF(OR(H3="",I3=""),"",IFERROR(INDEX(Catalogo_Vehiculos!$F$2:$F$1325,MATCH(TRUE(),INDEX(Catalogo_Vehiculos!$G$2:$G$1325=H3&"|"&I3,0),0)),"No en catálogo")) | AT3: =IF(COUNTA(A3:I3)+COUNTA(N3:X3)+COUNTA(AA3:AE3)+COUNTA(AH3:AS3)=0,"",IF(AND(A3<>"",E3<>"",OR(F3<>"",G3<>""),H3<>"",I3<>"",J3<>"No en catálogo",S3<>"",T3<>"",U3<>"",V3<>"",OR(AR3<>"",AND(W3<>"",X3<>"",AA3<>"",AB3<>"")),OR(AS3<>"",AND(AD3<>"",AE3<>"",AH3<>"",AI3<>"")),AK3<>"",OR(AK3<>"programado",AL3<>""),OR(AM3<>"específica",AN3<>""),OR(AO3<>"específica",AP3<>"")),"OK","Revisar"))
J4: =IF(OR(H4="",I4=""),"",IFERROR(INDEX(Catalogo_Vehiculos!$C$2:$C$1325,MATCH(TRUE(),INDEX(Catalogo_Vehiculos!$G$2:$G$1325=H4&"|"&I4,0),0)),"No en catálogo")) | K4: =IF(OR(H4="",I4=""),"",IFERROR(INDEX(Catalogo_Vehiculos!$D$2:$D$1325,MATCH(TRUE(),INDEX(Catalogo_Vehiculos!$G$2:$G$1325=H4&"|"&I4,0),0)),"No en catálogo")) | L4: =IF(OR(H4="",I4=""),"",IFERROR(INDEX(Catalogo_Vehiculos!$E$2:$E$1325,MATCH(TRUE(),INDEX(Catalogo_Vehiculos!$G$2:$G$1325=H4&"|"&I4,0),0)),"No en catálogo")) | M4: =IF(OR(H4="",I4=""),"",IFERROR(INDEX(Catalogo_Vehiculos!$F$2:$F$1325,MATCH(TRUE(),INDEX(Catalogo_Vehiculos!$G$2:$G$1325=H4&"|"&I4,0),0)),"No en catálogo")) | AT4: =IF(COUNTA(A4:I4)+COUNTA(N4:X4)+COUNTA(AA4:AE4)+COUNTA(AH4:AS4)=0,"",IF(AND(A4<>"",E4<>"",OR(F4<>"",G4<>""),H4<>"",I4<>"",J4<>"No en catálogo",S4<>"",T4<>"",U4<>"",V4<>"",OR(AR4<>"",AND(W4<>"",X4<>"",AA4<>"",AB4<>"")),OR(AS4<>"",AND(AD4<>"",AE4<>"",AH4<>"",AI4<>"")),AK4<>"",OR(AK4<>"programado",AL4<>""),OR(AM4<>"específica",AN4<>""),OR(AO4<>"específica",AP4<>"")),"OK","Revisar"))
J5: =IF(OR(H5="",I5=""),"",IFERROR(INDEX(Catalogo_Vehiculos!$C$2:$C$1325,MATCH(TRUE(),INDEX(Catalogo_Vehiculos!$G$2:$G$1325=H5&"|"&I5,0),0)),"No en catálogo")) | K5: =IF(OR(H5="",I5=""),"",IFERROR(INDEX(Catalogo_Vehiculos!$D$2:$D$1325,MATCH(TRUE(),INDEX(Catalogo_Vehiculos!$G$2:$G$1325=H5&"|"&I5,0),0)),"No en catálogo")) | L5: =IF(OR(H5="",I5=""),"",IFERROR(INDEX(Catalogo_Vehiculos!$E$2:$E$1325,MATCH(TRUE(),INDEX(Catalogo_Vehiculos!$G$2:$G$1325=H5&"|"&I5,0),0)),"No en catálogo")) | M5: =IF(OR(H5="",I5=""),"",IFERROR(INDEX(Catalogo_Vehiculos!$F$2:$F$1325,MATCH(TRUE(),INDEX(Catalogo_Vehiculos!$G$2:$G$1325=H5&"|"&I5,0),0)),"No en catálogo")) | AT5: =IF(COUNTA(A5:I5)+COUNTA(N5:X5)+COUNTA(AA5:AE5)+COUNTA(AH5:AS5)=0,"",IF(AND(A5<>"",E5<>"",OR(F5<>"",G5<>""),H5<>"",I5<>"",J5<>"No en catálogo",S5<>"",T5<>"",U5<>"",V5<>"",OR(AR5<>"",AND(W5<>"",X5<>"",AA5<>"",AB5<>"")),OR(AS5<>"",AND(AD5<>"",AE5<>"",AH5<>"",AI5<>"")),AK5<>"",OR(AK5<>"programado",AL5<>""),OR(AM5<>"específica",AN5<>""),OR(AO5<>"específica",AP5<>"")),"OK","Revisar"))
J6: =IF(OR(H6="",I6=""),"",IFERROR(INDEX(Catalogo_Vehiculos!$C$2:$C$1325,MATCH(TRUE(),INDEX(Catalogo_Vehiculos!$G$2:$G$1325=H6&"|"&I6,0),0)),"No en catálogo")) | K6: =IF(OR(H6="",I6=""),"",IFERROR(INDEX(Catalogo_Vehiculos!$D$2:$D$1325,MATCH(TRUE(),INDEX(Catalogo_Vehiculos!$G$2:$G$1325=H6&"|"&I6,0),0)),"No en catálogo")) | L6: =IF(OR(H6="",I6=""),"",IFERROR(INDEX(Catalogo_Vehiculos!$E$2:$E$1325,MATCH(TRUE(),INDEX(Catalogo_Vehiculos!$G$2:$G$1325=H6&"|"&I6,0),0)),"No en catálogo")) | M6: =IF(OR(H6="",I6=""),"",IFERROR(INDEX(Catalogo_Vehiculos!$F$2:$F$1325,MATCH(TRUE(),INDEX(Catalogo_Vehiculos!$G$2:$G$1325=H6&"|"&I6,0),0)),"No en catálogo")) | AT6: =IF(COUNTA(A6:I6)+COUNTA(N6:X6)+COUNTA(AA6:AE6)+COUNTA(AH6:AS6)=0,"",IF(AND(A6<>"",E6<>"",OR(F6<>"",G6<>""),H6<>"",I6<>"",J6<>"No en catálogo",S6<>"",T6<>"",U6<>"",V6<>"",OR(AR6<>"",AND(W6<>"",X6<>"",AA6<>"",AB6<>"")),OR(AS6<>"",AND(AD6<>"",AE6<>"",AH6<>"",AI6<>"")),AK6<>"",OR(AK6<>"programado",AL6<>""),OR(AM6<>"específica",AN6<>""),OR(AO6<>"específica",AP6<>"")),"OK","Revisar"))
J7: =IF(OR(H7="",I7=""),"",IFERROR(INDEX(Catalogo_Vehiculos!$C$2:$C$1325,MATCH(TRUE(),INDEX(Catalogo_Vehiculos!$G$2:$G$1325=H7&"|"&I7,0),0)),"No en catálogo")) | K7: =IF(OR(H7="",I7=""),"",IFERROR(INDEX(Catalogo_Vehiculos!$D$2:$D$1325,MATCH(TRUE(),INDEX(Catalogo_Vehiculos!$G$2:$G$1325=H7&"|"&I7,0),0)),"No en catálogo")) | L7: =IF(OR(H7="",I7=""),"",IFERROR(INDEX(Catalogo_Vehiculos!$E$2:$E$1325,MATCH(TRUE(),INDEX(Catalogo_Vehiculos!$G$2:$G$1325=H7&"|"&I7,0),0)),"No en catálogo")) | M7: =IF(OR(H7="",I7=""),"",IFERROR(INDEX(Catalogo_Vehiculos!$F$2:$F$1325,MATCH(TRUE(),INDEX(Catalogo_Vehiculos!$G$2:$G$1325=H7&"|"&I7,0),0)),"No en catálogo")) | AT7: =IF(COUNTA(A7:I7)+COUNTA(N7:X7)+COUNTA(AA7:AE7)+COUNTA(AH7:AS7)=0,"",IF(AND(A7<>"",E7<>"",OR(F7<>"",G7<>""),H7<>"",I7<>"",J7<>"No en catálogo",S7<>"",T7<>"",U7<>"",V7<>"",OR(AR7<>"",AND(W7<>"",X7<>"",AA7<>"",AB7<>"")),OR(AS7<>"",AND(AD7<>"",AE7<>"",AH7<>"",AI7<>"")),AK7<>"",OR(AK7<>"programado",AL7<>""),OR(AM7<>"específica",AN7<>""),OR(AO7<>"específica",AP7<>"")),"OK","Revisar"))
J8: =IF(OR(H8="",I8=""),"",IFERROR(INDEX(Catalogo_Vehiculos!$C$2:$C$1325,MATCH(TRUE(),INDEX(Catalogo_Vehiculos!$G$2:$G$1325=H8&"|"&I8,0),0)),"No en catálogo")) | K8: =IF(OR(H8="",I8=""),"",IFERROR(INDEX(Catalogo_Vehiculos!$D$2:$D$1325,MATCH(TRUE(),INDEX(Catalogo_Vehiculos!$G$2:$G$1325=H8&"|"&I8,0),0)),"No en catálogo")) | L8: =IF(OR(H8="",I8=""),"",IFERROR(INDEX(Catalogo_Vehiculos!$E$2:$E$1325,MATCH(TRUE(),INDEX(Catalogo_Vehiculos!$G$2:$G$1325=H8&"|"&I8,0),0)),"No en catálogo")) | M8: =IF(OR(H8="",I8=""),"",IFERROR(INDEX(Catalogo_Vehiculos!$F$2:$F$1325,MATCH(TRUE(),INDEX(Catalogo_Vehiculos!$G$2:$G$1325=H8&"|"&I8,0),0)),"No en catálogo")) | AT8: =IF(COUNTA(A8:I8)+COUNTA(N8:X8)+COUNTA(AA8:AE8)+COUNTA(AH8:AS8)=0,"",IF(AND(A8<>"",E8<>"",OR(F8<>"",G8<>""),H8<>"",I8<>"",J8<>"No en catálogo",S8<>"",T8<>"",U8<>"",V8<>"",OR(AR8<>"",AND(W8<>"",X8<>"",AA8<>"",AB8<>"")),OR(AS8<>"",AND(AD8<>"",AE8<>"",AH8<>"",AI8<>"")),AK8<>"",OR(AK8<>"programado",AL8<>""),OR(AM8<>"específica",AN8<>""),OR(AO8<>"específica",AP8<>"")),"OK","Revisar"))
J9: =IF(OR(H9="",I9=""),"",IFERROR(INDEX(Catalogo_Vehiculos!$C$2:$C$1325,MATCH(TRUE(),INDEX(Catalogo_Vehiculos!$G$2:$G$1325=H9&"|"&I9,0),0)),"No en catálogo")) | K9: =IF(OR(H9="",I9=""),"",IFERROR(INDEX(Catalogo_Vehiculos!$D$2:$D$1325,MATCH(TRUE(),INDEX(Catalogo_Vehiculos!$G$2:$G$1325=H9&"|"&I9,0),0)),"No en catálogo")) | L9: =IF(OR(H9="",I9=""),"",IFERROR(INDEX(Catalogo_Vehiculos!$E$2:$E$1325,MATCH(TRUE(),INDEX(Catalogo_Vehiculos!$G$2:$G$1325=H9&"|"&I9,0),0)),"No en catálogo")) | M9: =IF(OR(H9="",I9=""),"",IFERROR(INDEX(Catalogo_Vehiculos!$F$2:$F$1325,MATCH(TRUE(),INDEX(Catalogo_Vehiculos!$G$2:$G$1325=H9&"|"&I9,0),0)),"No en catálogo")) | AT9: =IF(COUNTA(A9:I9)+COUNTA(N9:X9)+COUNTA(AA9:AE9)+COUNTA(AH9:AS9)=0,"",IF(AND(A9<>"",E9<>"",OR(F9<>"",G9<>""),H9<>"",I9<>"",J9<>"No en catálogo",S9<>"",T9<>"",U9<>"",V9<>"",OR(AR9<>"",AND(W9<>"",X9<>"",AA9<>"",AB9<>"")),OR(AS9<>"",AND(AD9<>"",AE9<>"",AH9<>"",AI9<>"")),AK9<>"",OR(AK9<>"programado",AL9<>""),OR(AM9<>"específica",AN9<>""),OR(AO9<>"específica",AP9<>"")),"OK","Revisar"))
J10: =IF(OR(H10="",I10=""),"",IFERROR(INDEX(Catalogo_Vehiculos!$C$2:$C$1325,MATCH(TRUE(),INDEX(Catalogo_Vehiculos!$G$2:$G$1325=H10&"|"&I10,0),0)),"No en catálogo")) | K10: =IF(OR(H10="",I10=""),"",IFERROR(INDEX(Catalogo_Vehiculos!$D$2:$D$1325,MATCH(TRUE(),INDEX(Catalogo_Vehiculos!$G$2:$G$1325=H10&"|"&I10,0),0)),"No en catálogo")) | L10: =IF(OR(H10="",I10=""),"",IFERROR(INDEX(Catalogo_Vehiculos!$E$2:$E$1325,MATCH(TRUE(),INDEX(Catalogo_Vehiculos!$G$2:$G$1325=H10&"|"&I10,0),0)),"No en catálogo")) | M10: =IF(OR(H10="",I10=""),"",IFERROR(INDEX(Catalogo_Vehiculos!$F$2:$F$1325,MATCH(TRUE(),INDEX(Catalogo_Vehiculos!$G$2:$G$1325=H10&"|"&I10,0),0)),"No en catálogo")) | AT10: =IF(COUNTA(A10:I10)+COUNTA(N10:X10)+COUNTA(AA10:AE10)+COUNTA(AH10:AS10)=0,"",IF(AND(A10<>"",E10<>"",OR(F10<>"",G10<>""),H10<>"",I10<>"",J10<>"No en catálogo",S10<>"",T10<>"",U10<>"",V10<>"",OR(AR10<>"",AND(W10<>"",X10<>"",AA10<>"",AB10<>"")),OR(AS10<>"",AND(AD10<>"",AE10<>"",AH10<>"",AI10<>"")),AK10<>"",OR(AK10<>"programado",AL10<>""),OR(AM10<>"específica",AN10<>""),OR(AO10<>"específica",AP10<>"")),"OK","Revisar"))
J11: =IF(OR(H11="",I11=""),"",IFERROR(INDEX(Catalogo_Vehiculos!$C$2:$C$1325,MATCH(TRUE(),INDEX(Catalogo_Vehiculos!$G$2:$G$1325=H11&"|"&I11,0),0)),"No en catálogo")) | K11: =IF(OR(H11="",I11=""),"",IFERROR(INDEX(Catalogo_Vehiculos!$D$2:$D$1325,MATCH(TRUE(),INDEX(Catalogo_Vehiculos!$G$2:$G$1325=H11&"|"&I11,0),0)),"No en catálogo")) | L11: =IF(OR(H11="",I11=""),"",IFERROR(INDEX(Catalogo_Vehiculos!$E$2:$E$1325,MATCH(TRUE(),INDEX(Catalogo_Vehiculos!$G$2:$G$1325=H11&"|"&I11,0),0)),"No en catálogo")) | M11: =IF(OR(H11="",I11=""),"",IFERROR(INDEX(Catalogo_Vehiculos!$F$2:$F$1325,MATCH(TRUE(),INDEX(Catalogo_Vehiculos!$G$2:$G$1325=H11&"|"&I11,0),0)),"No en catálogo")) | AT11: =IF(COUNTA(A11:I11)+COUNTA(N11:X11)+COUNTA(AA11:AE11)+COUNTA(AH11:AS11)=0,"",IF(AND(A11<>"",E11<>"",OR(F11<>"",G11<>""),H11<>"",I11<>"",J11<>"No en catálogo",S11<>"",T11<>"",U11<>"",V11<>"",OR(AR11<>"",AND(W11<>"",X11<>"",AA11<>"",AB11<>"")),OR(AS11<>"",AND(AD11<>"",AE11<>"",AH11<>"",AI11<>"")),AK11<>"",OR(AK11<>"programado",AL11<>""),OR(AM11<>"específica",AN11<>""),OR(AO11<>"específica",AP11<>"")),"OK","Revisar"))
J12: =IF(OR(H12="",I12=""),"",IFERROR(INDEX(Catalogo_Vehiculos!$C$2:$C$1325,MATCH(TRUE(),INDEX(Catalogo_Vehiculos!$G$2:$G$1325=H12&"|"&I12,0),0)),"No en catálogo")) | K12: =IF(OR(H12="",I12=""),"",IFERROR(INDEX(Catalogo_Vehiculos!$D$2:$D$1325,MATCH(TRUE(),INDEX(Catalogo_Vehiculos!$G$2:$G$1325=H12&"|"&I12,0),0)),"No en catálogo")) | L12: =IF(OR(H12="",I12=""),"",IFERROR(INDEX(Catalogo_Vehiculos!$E$2:$E$1325,MATCH(TRUE(),INDEX(Catalogo_Vehiculos!$G$2:$G$1325=H12&"|"&I12,0),0)),"No en catálogo")) | M12: =IF(OR(H12="",I12=""),"",IFERROR(INDEX(Catalogo_Vehiculos!$F$2:$F$1325,MATCH(TRUE(),INDEX(Catalogo_Vehiculos!$G$2:$G$1325=H12&"|"&I12,0),0)),"No en catálogo")) | AT12: =IF(COUNTA(A12:I12)+COUNTA(N12:X12)+COUNTA(AA12:AE12)+COUNTA(AH12:AS12)=0,"",IF(AND(A12<>"",E12<>"",OR(F12<>"",G12<>""),H12<>"",I12<>"",J12<>"No en catálogo",S12<>"",T12<>"",U12<>"",V12<>"",OR(AR12<>"",AND(W12<>"",X12<>"",AA12<>"",AB12<>"")),OR(AS12<>"",AND(AD12<>"",AE12<>"",AH12<>"",AI12<>"")),AK12<>"",OR(AK12<>"programado",AL12<>""),OR(AM12<>"específica",AN12<>""),OR(AO12<>"específica",AP12<>"")),"OK","Revisar"))
J13: =IF(OR(H13="",I13=""),"",IFERROR(INDEX(Catalogo_Vehiculos!$C$2:$C$1325,MATCH(TRUE(),INDEX(Catalogo_Vehiculos!$G$2:$G$1325=H13&"|"&I13,0),0)),"No en catálogo")) | K13: =IF(OR(H13="",I13=""),"",IFERROR(INDEX(Catalogo_Vehiculos!$D$2:$D$1325,MATCH(TRUE(),INDEX(Catalogo_Vehiculos!$G$2:$G$1325=H13&"|"&I13,0),0)),"No en catálogo")) | L13: =IF(OR(H13="",I13=""),"",IFERROR(INDEX(Catalogo_Vehiculos!$E$2:$E$1325,MATCH(TRUE(),INDEX(Catalogo_Vehiculos!$G$2:$G$1325=H13&"|"&I13,0),0)),"No en catálogo")) | M13: =IF(OR(H13="",I13=""),"",IFERROR(INDEX(Catalogo_Vehiculos!$F$2:$F$1325,MATCH(TRUE(),INDEX(Catalogo_Vehiculos!$G$2:$G$1325=H13&"|"&I13,0),0)),"No en catálogo")) | AT13: =IF(COUNTA(A13:I13)+COUNTA(N13:X13)+COUNTA(AA13:AE13)+COUNTA(AH13:AS13)=0,"",IF(AND(A13<>"",E13<>"",OR(F13<>"",G13<>""),H13<>"",I13<>"",J13<>"No en catálogo",S13<>"",T13<>"",U13<>"",V13<>"",OR(AR13<>"",AND(W13<>"",X13<>"",AA13<>"",AB13<>"")),OR(AS13<>"",AND(AD13<>"",AE13<>"",AH13<>"",AI13<>"")),AK13<>"",OR(AK13<>"programado",AL13<>""),OR(AM13<>"específica",AN13<>""),OR(AO13<>"específica",AP13<>"")),"OK","Revisar"))
J14: =IF(OR(H14="",I14=""),"",IFERROR(INDEX(Catalogo_Vehiculos!$C$2:$C$1325,MATCH(TRUE(),INDEX(Catalogo_Vehiculos!$G$2:$G$1325=H14&"|"&I14,0),0)),"No en catálogo")) | K14: =IF(OR(H14="",I14=""),"",IFERROR(INDEX(Catalogo_Vehiculos!$D$2:$D$1325,MATCH(TRUE(),INDEX(Catalogo_Vehiculos!$G$2:$G$1325=H14&"|"&I14,0),0)),"No en catálogo")) | L14: =IF(OR(H14="",I14=""),"",IFERROR(INDEX(Catalogo_Vehiculos!$E$2:$E$1325,MATCH(TRUE(),INDEX(Catalogo_Vehiculos!$G$2:$G$1325=H14&"|"&I14,0),0)),"No en catálogo")) | M14: =IF(OR(H14="",I14=""),"",IFERROR(INDEX(Catalogo_Vehiculos!$F$2:$F$1325,MATCH(TRUE(),INDEX(Catalogo_Vehiculos!$G$2:$G$1325=H14&"|"&I14,0),0)),"No en catálogo")) | AT14: =IF(COUNTA(A14:I14)+COUNTA(N14:X14)+COUNTA(AA14:AE14)+COUNTA(AH14:AS14)=0,"",IF(AND(A14<>"",E14<>"",OR(F14<>"",G14<>""),H14<>"",I14<>"",J14<>"No en catálogo",S14<>"",T14<>"",U14<>"",V14<>"",OR(AR14<>"",AND(W14<>"",X14<>"",AA14<>"",AB14<>"")),OR(AS14<>"",AND(AD14<>"",AE14<>"",AH14<>"",AI14<>"")),AK14<>"",OR(AK14<>"programado",AL14<>""),OR(AM14<>"específica",AN14<>""),OR(AO14<>"específica",AP14<>"")),"OK","Revisar"))
... J501: =IF(OR(H501="",I501=""),"",IFERROR(INDEX(Catalogo_Vehiculos!$C$2:$C$1325,MATCH(TRUE(),INDEX(Catalogo_Vehiculos!$G$2:$G$1325=H501&"|"&I501,0),0)),"No en catálogo")) | K501: =IF(OR(H501="",I501=""),"",IFERROR(INDEX(Catalogo_Vehiculos!$D$2:$D$1325,MATCH(TRUE(),INDEX(Catalogo_Vehiculos!$G$2:$G$1325=H501&"|"&I501,0),0)),"No en catálogo")) | L501: =IF(OR(H501="",I501=""),"",IFERROR(INDEX(Catalogo_Vehiculos!$E$2:$E$1325,MATCH(TRUE(),INDEX(Catalogo_Vehiculos!$G$2:$G$1325=H501&"|"&I501,0),0)),"No en catálogo")) | M501: =IF(OR(H501="",I501=""),"",IFERROR(INDEX(Catalogo_Vehiculos!$F$2:$F$1325,MATCH(TRUE(),INDEX(Catalogo_Vehiculos!$G$2:$G$1325=H501&"|"&I501,0),0)),"No en catálogo")) | AT501: =IF(COUNTA(A501:I501)+COUNTA(N501:X501)+COUNTA(AA501:AE501)+COUNTA(AH501:AS501)=0,"",IF(AND(A501<>"",E501<>"",OR(F501<>"",G501<>""),H501<>"",I501<>"",J501<>"No en catálogo",S501<>"",T501<>"",U501<>"",V501<>"",OR(AR501<>"",AND(W501<>"",X501<>"",AA501<>"",AB501<>"")),OR(AS501<>"",AND(AD501<>"",AE501<>"",AH501<>"",AI501<>"")),AK501<>"",OR(AK501<>"programado",AL501<>""),OR(AM501<>"específica",AN501<>""),OR(AO501<>"específica",AP501<>"")),"OK","Revisar"))

Sheet Catalogo_Vehiculos
A1: marca | B1: modelo | C1: gama | D1: tipo | E1: segmento | F1: categoria | G1: clave (auto)
A2: Acura | B2: ADX | C2: Media | D2: Camiones ligeros | E2: SUV's | F2: Ligero B | G2: =A2&"|"&B2 -> Acura|ADX
A3: Acura | B3: ILX | C3: Alta | D3: Automóviles | E3: De Lujo | F3: Ligero A | G3: =A3&"|"&B3 -> Acura|ILX
A4: Acura | B4: INTEGRA | C4: Alta | D4: Automóviles | E4: De Lujo | F4: Ligero A | G4: =A4&"|"&B4 -> Acura|INTEGRA
A5: Acura | B5: Mdx | C5: Media | D5: Camiones ligeros | E5: SUV's | F5: Ligero B | G5: =A5&"|"&B5 -> Acura|Mdx
A6: Acura | B6: NSX | C6: Premium | D6: Automóviles | E6: Deportivos | F6: Ligero A | G6: =A6&"|"&B6 -> Acura|NSX
A7: Acura | B7: Rdx | C7: Media | D7: Camiones ligeros | E7: SUV's | F7: Ligero B | G7: =A7&"|"&B7 -> Acura|Rdx
A8: Acura | B8: Rl | C8: Alta | D8: Automóviles | E8: De Lujo | F8: Ligero A | G8: =A8&"|"&B8 -> Acura|Rl
A9: Acura | B9: Rlx | C9: Alta | D9: Automóviles | E9: De Lujo | F9: Ligero A | G9: =A9&"|"&B9 -> Acura|Rlx
A10: Acura | B10: Tl 3.5l | C10: Alta | D10: Automóviles | E10: De Lujo | F10: Ligero A | G10: =A10&"|"&B10 -> Acura|Tl 3.5l
A11: Acura | B11: Tl 3.7l | C11: Alta | D11: Automóviles | E11: De Lujo | F11: Ligero A | G11: =A11&"|"&B11 -> Acura|Tl 3.7l
A12: Acura | B12: TLX | C12: Alta | D12: Automóviles | E12: De Lujo | F12: Ligero A | G12: =A12&"|"&B12 -> Acura|TLX
A13: Acura | B13: TSX 2.4L | C13: Alta | D13: Automóviles | E13: De Lujo | F13: Ligero A | G13: =A13&"|"&B13 -> Acura|TSX 2.4L
... A1325: Otra marca | B1325: Otro modelo | C1325: Por clasificar | D1325: Por clasificar | E1325: Por clasificar | F1325: Por clasificar | G1325: =A1325&"|"&B1325 -> Otra marca|Otro modelo
A1327: Fuente: vehiculos-clasificacion.json (versión 2026-07-12, 1365 filas; 42 duplicadas depuradas, se conservó la primera aparición). Mantener ordenado por marca. La fila 'Otra marca / Otro modelo' la agregó Claude para vehículos fuera de catálogo; eliminarla si no se desea.

Sheet Listas
A1: prioridad | B1: condicion | C1: modalidad_programacion | D1: tipo_traslado | E1: marcas | F1: vehiculo_transmision | G1: estado_general_declarado | H1: ventana
A2: baja | B2: nueva | C2: programado | D2: local | E2: Acura | F2: automática | G2: excelente | H2: flexible
A3: normal | B3: seminueva | C3: inmediato | D3: foráneo | E3: Alfa Romeo | F3: manual | G3: buen estado | H3: mañana
A4: alta | B4: rescate mecánico | E4: Audi | F4: eléctrica | G4: detalles estéticos menores | H4: tarde
A5: urgente | E5: Auteco | G5: rayones o golpes visibles | H5: noche
E6: Bentley | H6: específica
E7: BMW
E8: Changan
E9: Chirey
E10: Chrysler
E11: Fiat
E12: Ford Motor
E13: Foton
E14: Geely
E15: General Motors
E16: Great Wall Motor
E17: Honda
E18: Hyundai
... E51: Otra marca
A60: Prioridad y modalidad son propuesta mía: ajustar a los valores reales de la app. El resto lo definió el cliente.
